{
  "model": "RF",
  "accuracy": 0.7777571380180731,
  "f1_macro": 0.7013925250153945,
  "f1_weighted": 0.7735505085329619
}