{
  "model": "XGBoost",
  "accuracy": 0.7875804495339663,
  "f1_macro": 0.7049245199974351,
  "f1_weighted": 0.781668228866302
}