{
  "Supervised-only": {
    "name": "Supervised-only",
    "TP": 233,
    "FP": 209,
    "TN": 4291,
    "FN": 1222,
    "TPR": 0.16013745704467353,
    "FPR": 0.04644444444444444,
    "precision": 0.5271493212669683
  },
  "AE-only": {
    "name": "AE-only",
    "TP": 364,
    "FP": 223,
    "TN": 4277,
    "FN": 1091,
    "TPR": 0.2501718213058419,
    "FPR": 0.049555555555555554,
    "precision": 0.6201022146507666
  },
  "Fused": {
    "name": "Fused",
    "TP": 324,
    "FP": 224,
    "TN": 4276,
    "FN": 1131,
    "TPR": 0.22268041237113403,
    "FPR": 0.049777777777777775,
    "precision": 0.5912408759124088
  }
}