{
  "TPR": 0.2501718213058419,
  "FPR": 0.049555555555555554,
  "precision": 0.6201022146507666,
  "roc_auc": 0.735263153875525,
  "threshold": 0.0077283186838030815,
  "TP": 364,
  "FP": 223,
  "TN": 4277,
  "FN": 1091
}